loan_id,user_id,loan_type,principal,interest_rate,monthly_payment,remaining_balance,start_date,end_date,term_months
1,4,personal_loan,53000.0,0.2759,2810.92,2747.75,2024-08-31,2026-09-30,25
2,7,home_loan,6360000.0,0.1591,97289.59,5978548.87,2024-07-31,2037-04-30,153
3,9,personal_loan,529000.0,0.3393,27601.88,78334.18,2024-07-31,2026-11-30,28
4,9,car_loan,933000.0,0.1727,24671.9,531948.18,2024-03-31,2028-10-31,55
5,11,car_loan,1889000.0,0.1443,51244.41,1555649.19,2025-09-30,2029-10-30,49
6,16,home_loan,3352000.0,0.1192,47324.42,3026094.13,2024-11-30,2035-02-28,123
7,18,home_loan,1002000.0,0.1416,15210.29,934458.59,2025-02-28,2035-10-28,128
8,18,personal_loan,189000.0,0.2849,14335.41,14003.0,2025-05-31,2026-09-30,16
9,23,car_loan,959000.0,0.2322,30468.93,799797.83,2025-08-31,2029-09-30,49
10,33,car_loan,662000.0,0.1692,18542.04,474866.27,2025-02-28,2029-04-28,50
11,35,car_loan,701000.0,0.2172,22275.92,681654.99,2026-06-30,2030-05-30,47
12,39,car_loan,249000.0,0.2241,7800.01,149773.3,2024-07-31,2028-08-31,49
13,43,car_loan,1634000.0,0.1694,50108.68,941984.59,2024-10-31,2028-06-30,44
14,44,credit_card,51000.0,0.4148,3852.68,20558.66,2025-08-31,2027-02-28,18
15,44,credit_card,78000.0,0.399,5603.18,15750.8,2025-04-30,2026-11-30,19
