goal_id,user_id,goal_name,target_amount,current_amount,target_date,monthly_contribution,priority,months_elapsed,status
1,1,education,4204000.0,945103.16,2029-10-31,76100.0,1,13,active
2,2,emergency_fund,343000.0,58211.03,2027-11-30,12200.0,1,5,active
3,2,business_capital,617000.0,12857.11,2027-08-31,13600.0,2,1,active
4,3,car,1528000.0,39073.34,2028-05-31,24300.0,1,2,active
5,3,retirement,14501000.0,638963.1,2034-05-31,24300.0,2,31,active
6,3,education,379000.0,110869.73,2030-01-31,6600.0,3,16,active
7,4,emergency_fund,209000.0,10047.47,2028-04-30,4000.0,1,3,active
8,5,emergency_fund,1245000.0,124920.11,2027-12-31,42400.0,1,3,active
9,6,hajj_umrah,493000.0,22772.07,2029-04-30,3300.0,1,8,active
10,7,wedding,2521000.0,0.0,2027-10-31,0.0,1,5,active
11,8,house_down_payment,6376000.0,86966.22,2029-01-31,20900.0,1,4,active
12,8,car,3846000.0,62233.92,2028-04-30,20900.0,2,3,active
13,9,house_down_payment,10477000.0,73391.2,2030-03-31,34500.0,1,2,active
14,9,hajj_umrah,1649000.0,264475.84,2028-06-30,34500.0,2,7,active
15,9,wedding,6611000.0,833936.84,2030-07-31,34500.0,3,22,active
16,10,hajj_umrah,2164000.0,192674.6,2027-08-31,77900.0,1,3,active
17,10,retirement,30538000.0,2345056.58,2044-11-30,77900.0,2,30,active
18,10,house_down_payment,11665000.0,796034.86,2034-03-31,77900.0,3,11,active
19,11,hajj_umrah,1423000.0,146623.22,2028-06-30,16300.0,1,10,active
20,12,hajj_umrah,3036000.0,484185.32,2028-03-31,72800.0,1,8,active
21,12,retirement,46462000.0,3384403.54,2040-08-31,72800.0,2,51,active
22,12,car,2650000.0,520876.71,2029-03-31,72800.0,3,8,active
23,13,business_capital,6459000.0,382822.27,2028-01-31,70900.0,1,6,active
24,14,education,4325000.0,31758.14,2032-07-31,15300.0,1,2,active
25,14,retirement,16087000.0,120773.96,2038-01-31,15300.0,2,8,active
26,15,emergency_fund,168000.0,24236.02,2027-03-31,12500.0,1,2,active
27,16,retirement,76725000.0,0.0,2046-04-30,0.0,1,107,active
28,17,business_capital,1324000.0,357751.18,2028-10-31,37300.0,1,9,active
29,18,house_down_payment,1930000.0,0.0,2029-05-31,0.0,1,7,active
30,18,hajj_umrah,1158000.0,0.0,2028-03-31,0.0,2,5,active
31,19,business_capital,7451000.0,153225.48,2028-03-31,32900.0,1,5,active
32,19,car,3212000.0,35439.86,2027-11-30,32900.0,2,1,active
33,19,house_down_payment,10131000.0,294144.04,2028-12-31,32900.0,3,8,active
34,20,retirement,25372000.0,859597.06,2042-05-31,33500.0,1,25,active
35,20,hajj_umrah,2003000.0,188134.58,2027-12-31,33500.0,2,5,active
36,20,wedding,4835000.0,95303.63,2027-08-31,33500.0,3,3,active
37,21,education,7547000.0,149835.59,2028-05-31,22500.0,1,8,active
38,22,education,855000.0,212647.65,2029-03-31,22100.0,1,12,active
39,23,retirement,7028000.0,0.0,2040-12-31,0.0,1,45,active
40,23,emergency_fund,1074000.0,0.0,2027-06-30,0.0,2,1,active
41,24,business_capital,2844000.0,264808.0,2029-12-31,25700.0,1,10,active
42,24,education,2093000.0,333305.48,2030-06-30,19100.0,2,17,active
43,25,business_capital,1770000.0,350250.12,2030-12-31,16200.0,1,22,active
44,25,house_down_payment,4637000.0,211093.34,2029-10-31,21700.0,2,10,active
45,25,emergency_fund,411000.0,51005.37,2028-06-30,9000.0,3,5,active
46,26,house_down_payment,2670000.0,233992.95,2030-11-30,18500.0,1,13,active
47,26,car,1323000.0,47245.89,2027-09-30,18500.0,2,3,active
48,27,hajj_umrah,823000.0,95126.84,2027-12-31,27600.0,1,3,active
49,28,house_down_payment,8752000.0,60655.29,2030-10-31,32800.0,1,2,active
50,29,emergency_fund,535000.0,27193.95,2027-04-30,32900.0,1,1,active
51,29,hajj_umrah,1876000.0,340927.52,2028-10-31,32900.0,2,12,active
52,30,car,1340000.0,87291.88,2028-02-29,16500.0,1,5,active
53,31,car,2935000.0,1317064.63,2029-11-30,84500.0,1,15,active
54,31,house_down_payment,13055000.0,1421964.3,2032-08-31,87700.0,2,16,active
55,31,education,4514000.0,648930.35,2028-09-30,87700.0,3,7,active
56,32,house_down_payment,6487000.0,117780.14,2032-10-31,59700.0,1,2,active
57,33,wedding,2690000.0,0.0,2027-10-31,0.0,1,3,active
58,33,emergency_fund,195000.0,0.0,2027-03-31,0.0,2,2,active
59,34,car,7881000.0,450358.03,2027-10-31,85600.0,1,5,active
60,35,hajj_umrah,1329000.0,57950.69,2028-04-30,18600.0,1,3,active
61,36,education,778000.0,58415.44,2028-10-31,7500.0,1,8,active
62,36,retirement,5193000.0,235188.77,2034-03-31,7900.0,2,30,active
63,36,hajj_umrah,1035000.0,15570.96,2029-04-30,7200.0,3,2,active
64,37,hajj_umrah,2206000.0,533871.69,2029-01-31,48500.0,1,11,active
65,38,retirement,26018000.0,1994112.0,2033-04-30,71600.0,1,25,active
66,39,business_capital,4845000.0,43849.2,2029-10-31,2200.0,1,18,active
67,40,wedding,1937000.0,312025.47,2028-11-30,53500.0,1,6,active
68,40,house_down_payment,6104000.0,845597.13,2033-02-28,53500.0,2,18,active
69,41,car,2286000.0,10978.75,2030-05-31,10200.0,1,1,active
70,42,retirement,9034000.0,19337.64,2037-05-31,8900.0,1,2,active
71,42,wedding,3383000.0,70388.53,2030-04-30,15100.0,2,5,active
72,42,hajj_umrah,876000.0,7603.0,2027-12-31,7400.0,3,1,active
73,43,wedding,10842000.0,719490.58,2029-12-31,57400.0,1,12,active
74,44,hajj_umrah,776000.0,35059.86,2027-03-31,19900.0,1,2,active
75,44,house_down_payment,4230000.0,133582.72,2029-09-30,19900.0,2,7,active
76,44,emergency_fund,233000.0,27554.29,2027-03-31,17100.0,3,2,active
77,45,business_capital,2190000.0,14146.8,2028-04-30,6300.0,1,2,active
78,46,car,8705000.0,446305.23,2028-05-31,83900.0,1,5,active
79,47,wedding,12128000.0,476141.1,2030-06-30,119600.0,1,4,active
80,47,emergency_fund,464000.0,85376.44,2028-03-31,22700.0,2,4,active
81,47,hajj_umrah,3057000.0,1146527.29,2029-07-31,119600.0,3,10,active
82,48,house_down_payment,5661000.0,256346.32,2032-02-29,13300.0,1,18,active
83,49,wedding,2678000.0,73127.42,2028-11-30,37900.0,1,2,active
84,49,retirement,57425000.0,1367149.71,2036-01-31,37900.0,2,36,active
85,50,business_capital,4296000.0,64505.81,2028-04-30,17100.0,1,4,active
