investment_id,user_id,asset,quantity,purchase_price,current_price,purchase_date,as_of_date,liquidity_score,expected_return,volatility
1,1,crypto,9675.955921,89.559,356.3791,2025-08-01,2026-08-31,0.7,0.16,0.62
2,1,fixed_deposit,4657.573151,105.9409,123.6996,2025-07-01,2026-08-31,0.5,0.145,0.005
3,2,kse100_equity,304.424355,118.7635,179.0535,2025-04-01,2026-08-31,0.85,0.13,0.24
4,2,gold,168.800364,118.4832,126.6647,2025-05-01,2026-08-31,0.8,0.09,0.16
5,2,mutual_fund,290.228257,104.8712,115.4667,2025-06-01,2026-08-31,0.9,0.11,0.13
6,3,prize_bonds,160.926244,102.3413,110.1068,2025-06-01,2026-08-31,0.95,0.07,0.01
7,3,mutual_fund,1303.373982,104.8712,115.4667,2025-06-01,2026-08-31,0.9,0.11,0.13
8,3,crypto,118.409354,107.5311,356.3791,2025-06-01,2026-08-31,0.7,0.16,0.62
9,3,sukuk,238.658705,104.7521,119.4089,2025-06-01,2026-08-31,0.6,0.135,0.02
10,4,mutual_fund,101.120885,111.167,115.4667,2026-04-01,2026-08-31,0.9,0.11,0.13
11,4,sukuk,211.904006,117.9779,119.4089,2026-06-01,2026-08-31,0.6,0.135,0.02
12,5,crypto,16.393611,304.9969,356.3791,2026-07-01,2026-08-31,0.7,0.16,0.62
13,5,fixed_deposit,206.806447,120.886,123.6996,2026-06-01,2026-08-31,0.5,0.145,0.005
14,5,kse100_equity,96.549712,191.5239,179.0535,2026-06-01,2026-08-31,0.85,0.13,0.24
15,9,gold,298.216914,115.9074,126.6647,2025-12-01,2026-08-31,0.8,0.09,0.16
16,9,kse100_equity,1510.682587,145.8901,179.0535,2025-12-01,2026-08-31,0.85,0.13,0.24
17,10,kse100_equity,1053.634331,123.7665,179.0535,2025-07-01,2026-08-31,0.85,0.13,0.24
18,10,fixed_deposit,2656.821748,104.6277,123.6996,2025-06-01,2026-08-31,0.5,0.145,0.005
19,10,gold,1126.463342,112.8114,126.6647,2025-08-01,2026-08-31,0.8,0.09,0.16
20,11,fixed_deposit,302.312434,119.4849,123.6996,2026-05-01,2026-08-31,0.5,0.145,0.005
21,12,crypto,1706.07833,168.3666,356.3791,2026-01-01,2026-08-31,0.7,0.16,0.62
22,12,gold,1415.803515,117.6986,126.6647,2026-01-01,2026-08-31,0.8,0.09,0.16
23,13,fixed_deposit,2494.992576,110.9954,123.6996,2025-11-01,2026-08-31,0.5,0.145,0.005
24,15,prize_bonds,136.369821,106.8692,110.1068,2026-03-01,2026-08-31,0.95,0.07,0.01
25,15,mutual_fund,761.469959,102.1903,115.4667,2026-02-01,2026-08-31,0.9,0.11,0.13
26,17,mutual_fund,2171.606517,104.8452,115.4667,2025-11-01,2026-08-31,0.9,0.11,0.13
27,20,gold,1346.028469,115.9074,126.6647,2025-12-01,2026-08-31,0.8,0.09,0.16
28,21,kse100_equity,295.513257,152.9832,179.0535,2026-02-01,2026-08-31,0.85,0.13,0.24
29,22,kse100_equity,1101.113106,145.8901,179.0535,2025-12-01,2026-08-31,0.85,0.13,0.24
30,22,mutual_fund,706.848493,104.703,115.4667,2025-12-01,2026-08-31,0.9,0.11,0.13
31,27,kse100_equity,582.657836,152.4919,179.0535,2026-01-01,2026-08-31,0.85,0.13,0.24
32,27,gold,172.551559,115.9074,126.6647,2025-12-01,2026-08-31,0.8,0.09,0.16
33,27,mutual_fund,516.737967,104.703,115.4667,2025-12-01,2026-08-31,0.9,0.11,0.13
34,27,fixed_deposit,217.297334,115.0497,123.6996,2026-02-01,2026-08-31,0.5,0.145,0.005
35,28,crypto,608.662235,133.9383,356.3791,2025-12-01,2026-08-31,0.7,0.16,0.62
36,29,kse100_equity,1055.059562,145.8901,179.0535,2025-12-01,2026-08-31,0.85,0.13,0.24
37,29,crypto,193.228186,115.046,356.3791,2025-11-01,2026-08-31,0.7,0.16,0.62
38,30,kse100_equity,849.00568,113.7395,179.0535,2025-06-01,2026-08-31,0.85,0.13,0.24
39,31,mutual_fund,3138.744336,103.0126,115.4667,2025-10-01,2026-08-31,0.9,0.11,0.13
40,31,crypto,1782.353525,92.1539,356.3791,2025-09-01,2026-08-31,0.7,0.16,0.62
41,31,kse100_equity,3438.798409,126.7259,179.0535,2025-08-01,2026-08-31,0.85,0.13,0.24
42,31,sukuk,630.348763,106.0298,119.4089,2025-08-01,2026-08-31,0.6,0.135,0.02
43,32,gold,2105.18796,107.0896,126.6647,2025-09-01,2026-08-31,0.8,0.09,0.16
44,38,kse100_equity,2270.509187,164.3609,179.0535,2026-03-01,2026-08-31,0.85,0.13,0.24
45,38,sukuk,223.172078,112.0212,119.4089,2026-02-01,2026-08-31,0.6,0.135,0.02
46,38,crypto,821.408304,214.9822,356.3791,2026-03-01,2026-08-31,0.7,0.16,0.62
47,40,gold,572.922921,108.9076,126.6647,2025-11-01,2026-08-31,0.8,0.09,0.16
48,40,fixed_deposit,1893.206343,109.6428,123.6996,2025-10-01,2026-08-31,0.5,0.145,0.005
49,40,mutual_fund,821.245584,103.0126,115.4667,2025-10-01,2026-08-31,0.9,0.11,0.13
50,43,fixed_deposit,4118.017862,104.6277,123.6996,2025-06-01,2026-08-31,0.5,0.145,0.005
51,46,fixed_deposit,376.689555,119.4849,123.6996,2026-05-01,2026-08-31,0.5,0.145,0.005
52,46,mutual_fund,789.064204,114.3455,115.4667,2026-05-01,2026-08-31,0.9,0.11,0.13
53,46,crypto,140.442412,294.1616,356.3791,2026-05-01,2026-08-31,0.7,0.16,0.62
54,46,kse100_equity,940.817093,191.5239,179.0535,2026-06-01,2026-08-31,0.85,0.13,0.24
55,47,gold,2467.984836,115.9074,126.6647,2025-12-01,2026-08-31,0.8,0.09,0.16
56,47,sukuk,1455.578526,109.8348,119.4089,2025-11-01,2026-08-31,0.6,0.135,0.02
57,47,mutual_fund,6046.297237,104.8452,115.4667,2025-11-01,2026-08-31,0.9,0.11,0.13
58,49,gold,444.594871,118.4393,126.6647,2026-03-01,2026-08-31,0.8,0.09,0.16
59,49,prize_bonds,343.623108,105.8065,110.1068,2026-01-01,2026-08-31,0.95,0.07,0.01
