user_id,persona,age,household_size,city,city_cost_index,income_type,employment_type,financial_goal,risk_preference,monthly_income_base,created_at,opening_cash_balance,monthly_expense_estimate
1,aggressive_investor,48,2,Hyderabad,0.84,salaried,permanent,education,aggressive,226700.0,2024-02-02,807300.0,150900.0
2,young_aspirational,25,3,Faisalabad,0.88,salaried,permanent,emergency_fund,aggressive,59500.0,2026-02-11,124400.0,54900.0
3,balanced_steady,23,2,Hyderabad,0.84,salaried,permanent,car,balanced,94500.0,2025-12-08,295600.0,73500.0
4,young_aspirational,39,2,Karachi,1.08,freelance,gig,emergency_fund,aggressive,69500.0,2023-12-04,124200.0,57600.0
5,balanced_steady,35,2,Karachi,1.08,business,business_owner,emergency_fund,balanced,189500.0,2025-12-27,864900.0,150800.0
6,overspender,32,3,Lahore,1.02,salaried,permanent,hajj_umrah,aggressive,100300.0,2023-11-07,126800.0,97800.0
7,irregular_income,33,4,Islamabad,1.12,freelance,gig,wedding,balanced,152500.0,2025-04-20,252200.0,85300.0
8,overspender,36,4,Quetta,0.92,salaried,contract,house_down_payment,aggressive,152500.0,2025-12-08,207700.0,160400.0
9,aggressive_investor,32,3,Rawalpindi,0.98,salaried,contract,house_down_payment,aggressive,220100.0,2025-03-25,727000.0,145600.0
10,conservative_saver,32,4,Karachi,1.08,salaried,permanent,hajj_umrah,conservative,231600.0,2024-06-15,1334700.0,160300.0
11,irregular_income,21,2,Sialkot,0.9,freelance,gig,hajj_umrah,balanced,211100.0,2023-09-21,543100.0,125900.0
12,aggressive_investor,21,4,Rawalpindi,0.98,salaried,contract,hajj_umrah,aggressive,222100.0,2025-06-06,959000.0,154200.0
13,balanced_steady,39,1,Sialkot,0.9,business,business_owner,business_capital,balanced,291700.0,2024-07-10,1345700.0,235000.0
14,irregular_income,27,3,Islamabad,1.12,business,business_owner,education,balanced,132200.0,2023-12-22,356000.0,111400.0
15,balanced_steady,38,2,Peshawar,0.85,salaried,permanent,emergency_fund,balanced,86600.0,2025-01-16,396000.0,71500.0
16,overspender,45,1,Quetta,0.92,freelance,gig,retirement,aggressive,224100.0,2023-09-28,329500.0,217100.0
17,conservative_saver,30,5,Peshawar,0.85,mixed,self_employed,business_capital,conservative,96800.0,2025-07-31,665600.0,66400.0
18,overspender,36,1,Rawalpindi,0.98,salaried,permanent,house_down_payment,aggressive,91500.0,2025-01-14,107700.0,85900.0
19,balanced_steady,52,4,Peshawar,0.85,salaried,contract,business_capital,balanced,142200.0,2025-07-08,679800.0,119000.0
20,balanced_steady,40,1,Karachi,1.08,rental,self_employed,retirement,balanced,125900.0,2025-03-16,503900.0,101400.0
21,irregular_income,50,2,Rawalpindi,0.98,freelance,gig,education,balanced,332200.0,2024-08-13,534100.0,145600.0
22,balanced_steady,47,2,Rawalpindi,0.98,salaried,contract,education,balanced,168800.0,2023-11-27,713000.0,134200.0
23,overspender,40,3,Hyderabad,0.84,business,business_owner,retirement,aggressive,157500.0,2023-12-21,291300.0,159300.0
24,young_aspirational,32,4,Rawalpindi,0.98,salaried,permanent,business_capital,aggressive,126800.0,2025-06-19,241500.0,123200.0
25,young_aspirational,26,2,Lahore,1.02,rental,self_employed,business_capital,aggressive,94000.0,2025-01-31,203100.0,90800.0
26,irregular_income,23,1,Quetta,0.92,business,business_owner,house_down_payment,balanced,86300.0,2023-12-04,192400.0,63800.0
27,aggressive_investor,38,1,Faisalabad,0.88,rental,self_employed,hajj_umrah,aggressive,84900.0,2023-10-06,362200.0,61600.0
28,balanced_steady,38,4,Rawalpindi,0.98,salaried,permanent,house_down_payment,balanced,146900.0,2023-10-07,507400.0,116600.0
29,balanced_steady,32,4,Hyderabad,0.84,business,business_owner,emergency_fund,balanced,132900.0,2025-08-05,510100.0,108200.0
30,young_aspirational,41,2,Peshawar,0.85,freelance,gig,car,aggressive,85100.0,2025-08-13,131800.0,77800.0
31,aggressive_investor,28,3,Rawalpindi,0.98,salaried,permanent,car,aggressive,250000.0,2024-04-29,933500.0,188600.0
32,conservative_saver,43,3,Multan,0.86,salaried,permanent,house_down_payment,conservative,167700.0,2025-03-05,1109100.0,121000.0
33,debt_heavy,34,3,Sialkot,0.9,business,business_owner,wedding,balanced,86000.0,2025-02-04,117800.0,81200.0
34,irregular_income,33,4,Hyderabad,0.84,business,business_owner,car,balanced,282400.0,2024-04-05,935800.0,231300.0
35,debt_heavy,33,1,Hyderabad,0.84,salaried,permanent,hajj_umrah,balanced,192500.0,2024-11-02,267100.0,181000.0
36,financially_fragile,33,2,Quetta,0.92,salaried,contract,education,conservative,67900.0,2025-07-24,32500.0,64300.0
37,conservative_saver,56,4,Peshawar,0.85,salaried,permanent,hajj_umrah,conservative,142800.0,2023-09-08,778700.0,97600.0
38,aggressive_investor,21,1,Faisalabad,0.88,salaried,permanent,retirement,aggressive,210900.0,2024-06-06,953600.0,149300.0
39,overspender,35,2,Lahore,1.02,salaried,permanent,business_capital,aggressive,92500.0,2025-04-10,130000.0,96900.0
40,conservative_saver,45,2,Faisalabad,0.88,salaried,permanent,wedding,conservative,149100.0,2025-02-04,784600.0,108500.0
41,debt_heavy,40,2,Faisalabad,0.88,salaried,contract,car,balanced,97400.0,2024-12-09,90600.0,84800.0
42,financially_fragile,31,4,Faisalabad,0.88,business,business_owner,retirement,conservative,121300.0,2023-09-25,49300.0,107900.0
43,aggressive_investor,49,3,Lahore,1.02,salaried,permanent,wedding,aggressive,295700.0,2024-08-20,1221700.0,223800.0
44,balanced_steady,24,5,Hyderabad,0.84,salaried,permanent,hajj_umrah,balanced,99000.0,2024-01-04,339700.0,81800.0
45,financially_fragile,22,2,Lahore,1.02,freelance,gig,business_capital,conservative,58700.0,2024-11-23,19600.0,46100.0
46,aggressive_investor,39,1,Lahore,1.02,salaried,permanent,car,aggressive,285200.0,2023-10-16,1259200.0,206500.0
47,aggressive_investor,21,3,Rawalpindi,0.98,mixed,self_employed,wedding,aggressive,377300.0,2024-12-25,1195300.0,261500.0
48,irregular_income,21,3,Faisalabad,0.88,freelance,gig,house_down_payment,balanced,87700.0,2024-09-16,283900.0,67400.0
49,balanced_steady,41,3,Lahore,1.02,salaried,permanent,wedding,balanced,146600.0,2023-11-09,495000.0,127300.0
50,irregular_income,40,3,Multan,0.86,freelance,gig,business_capital,balanced,127900.0,2024-04-09,361200.0,98900.0
